jdate,T_sn1,RH_sn1,T_sn2,RH_sn2,T_sn3,RH_sn3,T_sn4,RH_sn4,T_sn5,RH_sn5,BP_mbar
274,27.0540533333333,17.7339533333333,26.8175866666667,16.6935466666667,26.5801866666667,17.7041133333333,25.8859733333333,17.0361666666667,25.22772,16.5835733333333,861.938
274.003472222222,26.3927466666667,18.4145666666667,26.32232,17.6929066666667,26.19024,18.0722,25.4680533333333,17.3374133333333,24.92806,16.7782066666667,861.917266666667
274.006944444444,25.9652666666667,18.8168266666667,25.98422,18.2267733333333,25.9132333333333,18.3151266666667,25.2349466666667,17.53518,24.7304466666667,16.97476,861.8752
274.010416666667,25.7020866666667,19.1202133333333,25.8252533333333,18.4481666666667,25.79872,18.4537333333333,25.1413133333333,17.6573933333333,24.6667933333333,17.0767666666667,861.8856
274.013888888889,25.5693933333333,19.2981333333333,25.7826466666667,18.5324733333333,25.77102,18.5099,25.1231066666667,17.7069666666667,24.6532,17.11676,861.870533333333
274.017361111111,25.4032933333333,19.5171866666667,25.6835,18.6836266666667,25.71956,18.59982,25.07322,17.8059933333333,24.6163866666667,17.20664,861.871466666666
274.020833333333,25.23168,19.7921666666667,25.5936,18.8475733333333,25.6757866666667,18.7023733333333,25.0577466666667,17.89022,24.59426,17.2984733333333,861.862933333334
274.024305555556,25.0912666666667,19.9582666666667,25.5155933333333,18.96882,25.6242333333333,18.7923133333333,25.0003866666667,17.9994266666667,24.55076,17.42274,861.828600000001
274.027777777778,24.9004133333333,20.2221066666667,25.40124,19.1701133333333,25.5056,19.01872,24.8811733333333,18.24332,24.4577,17.6478,861.824533333333
274.03125,24.38808,20.8021866666667,25.14928,19.51144,25.3029466666667,19.2682733333333,24.7492066666667,18.3773333333333,24.4022133333333,17.67614,861.826866666667
274.034722222222,23.7721333333333,21.7240266666667,24.7488733333333,20.02232,25.1160533333333,19.438,24.5740666666667,18.5132866666667,24.27442,17.72882,861.815933333333
274.038194444444,23.3653666666667,22.2210266666667,24.7006933333333,20.0624133333333,25.0555266666667,19.4827333333333,24.5141866666667,18.6493933333333,24.2537933333333,17.7084066666667,861.8372
274.041666666667,23.2394666666667,22.3673866666667,24.5867533333333,20.1507266666667,25.0437866666667,19.47346,24.5289733333333,20.4884266666667,24.3031666666667,17.7565333333333,861.877066666667
274.045138888889,23.3168733333333,22.27936,24.7796666666667,19.94024,25.07794,19.4791266666667,24.58442,20.7351933333333,24.2971066666667,17.7788066666667,861.895866666667
274.048611111111,23.28324,22.39098,24.85174,19.9203866666667,25.13576,19.47418,24.6355666666667,19.28508,24.3333066666667,17.82094,861.921866666666
274.052083333333,23.08328,22.57152,24.81732,19.9655266666667,25.2317333333333,19.3551866666667,24.7362,18.4761933333333,24.4063333333333,17.73818,861.941866666666
274.055555555556,22.50126,23.3465533333333,24.1052666666667,20.8852,24.8290466666667,19.8893866666667,24.401,18.8083333333333,24.24954,17.91304,861.967066666667
274.059027777778,22.1048466666667,23.8423866666667,23.3642666666667,21.80738,24.2575733333333,20.6217733333333,23.9934466666667,19.32708,24.0037133333333,18.2146733333333,861.980266666667
274.0625,21.65726,24.4931466666667,22.71264,22.67796,23.8993133333333,21.0836133333333,23.8555933333333,19.5325,23.7822,18.5148266666667,861.997133333333
274.065972222222,21.3696133333333,24.9283133333333,22.4128466666667,23.07994,23.67972,21.3420333333333,23.74922,19.8533866666667,23.61288,18.74318,862.016933333333
274.069444444444,21.15412,25.3130666666667,22.1887133333333,23.4338466666667,23.6484133333333,21.39772,23.80772,19.9054,23.71278,18.6104133333333,862.018266666667
274.072916666667,21.1246466666667,25.3603866666667,22.0796733333333,23.5743,23.4508533333333,21.63844,23.69872,20.40226,23.7513733333333,18.56384,861.997733333333
274.076388888889,20.9687333333333,25.58356,21.85144,23.9000133333333,23.19972,21.93594,23.4974133333333,20.6066466666667,23.6562933333333,18.6506466666667,862.014
274.079861111111,20.7827,25.8613466666667,21.7622266666667,24.0193666666667,23.0552133333333,22.0896333333333,23.2962666666667,20.5356533333333,23.61844,18.70342,862.020866666667
274.083333333333,20.9698866666667,25.6653266666667,22.0064333333333,23.6955666666667,23.1649333333333,21.947,23.3403666666667,20.1533533333333,23.6980133333333,18.5902933333333,862.031133333334
274.086805555556,21.1283066666667,25.4110666666667,21.97542,23.7580133333333,23.0367866666667,22.1307933333333,23.5045133333333,19.9126133333333,23.7906,18.45306,862.0402
274.090277777778,21.1873866666667,25.2335466666667,22.1620133333333,23.3711533333333,23.2379,21.7211333333333,23.3354333333333,20.04156,23.7168266666667,18.4914333333333,862.060133333333
274.09375,21.1224666666667,25.1536866666667,22.1492933333333,23.259,23.3682266666667,21.44806,23.3163066666667,19.9019733333333,23.5186466666667,18.58552,862.076866666667
274.097222222222,20.7952066666667,25.4985933333333,21.82226,23.5791933333333,23.2768333333333,21.39554,23.17352,19.9450933333333,23.4105933333333,18.59706,862.108133333333
274.100694444444,20.71794,25.65362,21.8058,23.6557133333333,23.2875466666667,21.4744066666667,23.2093533333333,19.9208666666667,23.419,18.51456,862.133333333333
274.104166666667,20.5918866666667,25.8467,21.62796,23.9170666666667,23.08044,21.8141466666667,23.1843933333333,20.0324666666667,23.28002,18.7242266666667,862.156466666667
274.107638888889,20.5205066666667,25.9439066666667,21.4635,24.10984,22.8125533333333,22.1011866666667,23.1311666666667,20.12844,23.3905266666667,18.6725666666667,862.188666666666
274.111111111111,20.7656066666667,25.5245133333333,21.8370066666667,23.5098133333333,23.0651,21.7113066666667,22.9715733333333,20.3095666666667,23.51148,18.5341866666667,862.260133333334
274.114583333333,20.96942,25.0859,21.9905466666667,23.18292,22.9435466666667,21.8032133333333,22.9802266666667,20.26262,23.3978666666667,18.5702333333333,862.337333333333
274.118055555556,20.94822,25.0918266666667,21.9788466666667,23.1713533333333,23.0233533333333,21.6671,23.0202,20.1585666666667,23.38134,18.61936,862.395466666667
274.121527777778,20.9485533333333,25.11348,21.9566,23.26038,23.15728,21.6174733333333,22.8591533333333,20.47476,23.31684,18.7441866666667,862.449066666666
274.125,21.0545466666667,25.26672,22.0161933333333,23.41904,23.0354466666667,21.9101066666667,22.8600333333333,20.54782,23.4977133333333,18.62872,862.497333333333
274.128472222222,21.48048,24.6970533333333,22.4421,22.85488,23.0783733333333,21.8470733333333,22.7802733333333,20.6634933333333,23.05868,19.18474,862.548266666667
274.131944444444,21.8664933333333,23.8227466666667,22.7959333333333,22.0694466666667,23.4788666666667,20.95336,23.1541533333333,19.81844,23.02016,18.9561466666667,862.593733333333
274.135416666667,21.5415666666667,24.2428933333333,22.46274,22.4665466666667,23.51046,20.8116933333333,23.4315933333333,19.3436,23.3501933333333,18.3528466666667,862.6054
274.138888888889,21.6385266666667,24.10904,22.6306133333333,22.24392,23.62086,20.7260533333333,23.3122133333333,19.47526,23.33014,18.3011133333333,862.638666666667
274.142361111111,21.5579666666667,24.1893533333333,22.5319,22.3645866666667,23.4640266666667,20.90012,23.2482,19.5286,23.36142,18.26414,862.6768
274.145833333333,21.3653466666667,24.4596933333333,22.4390733333333,22.4606,23.43004,20.8903666666667,23.23598,19.5053733333333,23.3379533333333,18.25922,862.7106
274.149305555556,21.3851,24.3795866666667,22.42078,22.4584533333333,23.2960533333333,21.0674133333333,23.08756,19.6661533333333,23.42072,18.1308133333333,862.754
274.152777777778,21.0292133333333,24.84194,21.9972466666667,23.00332,23.0118933333333,21.3560066666667,22.79506,20.00844,23.1258733333333,18.4901133333333,862.8022
274.15625,20.8716466666667,25.0654666666667,21.8779266666667,23.1558533333333,23.0276466666667,21.3371533333333,22.8727133333333,19.8962266666667,22.9437466666667,18.6888133333333,862.851733333333
274.159722222222,21.0380133333333,24.85702,22.0567866666667,22.9264933333333,23.15906,21.1804866666667,22.9985866666667,19.73696,22.9187466666667,18.6726066666667,862.8862
274.163194444444,21.3157933333333,24.34858,22.2864466666667,22.4981,23.2485333333333,20.9771933333333,22.99256,19.6824333333333,23.0277,18.4938733333333,862.915733333333
274.166666666667,21.55262,23.9033933333333,22.4814066666667,22.1412266666667,23.33528,20.7670866666667,23.0103333333333,19.5808266666667,23.0897266666667,18.3548,862.945333333333
274.170138888889,21.4454533333333,24.02128,22.35652,22.287,23.3685533333333,20.6759066666667,23.16898,19.32522,23.1150333333333,18.2566533333333,862.9736
274.173611111111,21.2361466666667,24.27094,22.1936933333333,22.4601,23.5960533333333,20.2945666666667,23.3023666666667,19.07096,23.2282733333333,18.0055866666667,863.002266666666
274.177083333333,21.0379733333333,24.4666066666667,22.0986466666667,22.4907666666667,23.4967666666667,20.3667066666667,23.1352266666667,19.2079,23.0977266666667,18.1236933333333,863.038
274.180555555556,21.0062266666667,24.4932466666667,22.10246,22.48078,23.50344,20.3409066666667,23.1877733333333,19.1443466666667,23.1301533333333,18.0712466666667,863.0712
274.184027777778,20.98536,24.5879466666667,22.06662,22.6059933333333,23.4234533333333,20.54166,23.20624,19.1839066666667,23.14,18.1084133333333,863.082933333333
274.1875,20.9908133333333,24.63118,22.06374,22.6384266666667,23.3953,20.5987666666667,23.1910266666667,19.2012333333333,23.13496,18.11392,863.083333333333
274.190972222222,21.10708,24.40544,22.1891133333333,22.4133866666667,23.2741933333333,20.6868933333333,22.95796,19.4366866666667,23.0715866666667,18.1482933333333,863.1072
274.194444444444,21.1163466666667,24.32858,22.1393266666667,22.4136066666667,23.2113333333333,20.6834466666667,22.9601666666667,19.3807133333333,23.04664,18.1340866666667,863.1188
274.197916666667,20.9351666666667,24.5240666666667,21.8897933333333,22.7354266666667,23.0293933333333,20.9096533333333,22.9075066666667,19.3925266666667,23.1289533333333,17.93032,863.1404
274.201388888889,20.8380066666667,24.5880666666667,21.8694066666667,22.62172,23.0789133333333,20.6772,23.0894466666667,19.0476466666667,23.2162866666667,17.7567666666667,863.153466666666
274.204861111111,21.3043866666667,23.81464,22.3456933333333,21.88558,23.294,20.3489533333333,23.0571666666667,19.0044266666667,23.17182,17.6963666666667,863.166533333333
274.208333333333,21.3185533333333,23.8384,22.2541333333333,22.1337266666667,23.1343866666667,20.7087733333333,22.9212933333333,19.2905333333333,23.0910733333333,17.86574,863.158533333333
274.211805555556,20.823,24.6913066666667,21.74022,22.94956,23.0674666666667,20.8199333333333,23.0034733333333,19.2592333333333,22.9887666666667,18.0460933333333,863.154266666666
274.215277777778,19.83746,26.3575733333333,20.54856,25.0710466666667,21.4033266666667,23.7528933333333,20.7490466666667,22.6194933333333,20.61378,21.6630866666667,863.245733333334
274.21875,18.4312066666667,28.7294533333333,18.7723,27.8292,19.1234333333333,27.0863733333333,18.8844066666667,25.47366,19.0492333333333,24.16048,863.2556
274.222222222222,18.3502,29.00214,18.89372,27.7146733333333,19.08204,27.2013333333333,18.6808933333333,25.8378866666667,18.6237666666667,24.9581133333333,863.314533333334
274.225694444444,18.2799533333333,29.1371733333333,18.8685,27.8826533333333,19.1140866666667,27.3031,18.7098933333333,25.9372533333333,18.6222133333333,25.1006533333333,863.360133333334
274.229166666667,18.2932733333333,29.1906,19.23576,27.3692733333333,19.62042,26.5640666666667,19.10166,25.4086933333333,18.7983,24.9701266666667,863.3654
274.232638888889,17.8936666666667,29.6474933333333,18.6807866666667,28.06966,19.3138733333333,26.8811733333333,19.07234,25.3470933333333,19.03126,24.5364533333333,863.403066666666
274.236111111111,18.03454,29.60394,19.0080533333333,27.58198,19.6538,26.3289333333333,19.45298,24.73576,19.35122,23.91776,863.429466666667
274.239583333333,18.15312,29.2155266666667,19.3138733333333,26.98206,20.2011733333333,25.3644266666667,20.04604,23.68816,19.87154,22.9516866666667,863.4368
274.243055555556,17.8745466666667,29.5357666666667,19.0917866666667,27.1729533333333,20.3379066666667,24.9864133333333,20.2592466666667,23.1770733333333,20.41282,22.0288066666667,863.453066666666
274.246527777778,17.6689,29.7379866666667,18.8097666666667,27.4959133333333,20.25076,25.00088,20.3661666666667,23.0305533333333,20.6658666666667,21.71632,863.468266666666
274.25,17.5210466666667,29.9774466666667,18.5729,27.8712133333333,20.4407466666667,24.70474,20.81834,22.5439133333333,20.9899266666667,21.54474,863.501733333334
274.253472222222,17.7407066666667,29.73782,18.8500666666667,27.51948,20.66872,24.34894,20.9919533333333,22.4057466666667,21.1272,21.42722,863.515066666667
274.256944444444,18.2485466666667,29.05388,19.38612,26.8038133333333,21.22236,23.7038933333333,21.0713266666667,22.4735266666667,21.0555533333333,21.71212,863.5148
274.260416666667,18.5230466666667,28.74022,19.5907666666667,26.6266,21.3691333333333,23.6193333333333,21.21296,22.2986,21.0865666666667,21.61086,863.530133333333
274.263888888889,18.4605,28.9185533333333,19.4530466666667,26.89294,20.96502,24.1362133333333,21.2627733333333,21.9907866666667,21.0595866666667,21.3651466666667,863.5478
274.267361111111,18.9274733333333,28.16382,19.9509066666667,26.1161333333333,21.08786,23.959,21.0938466666667,22.1315266666667,21.1491466666667,21.03674,863.534666666667
274.270833333333,19.0503733333333,28.13274,20.1203466666667,26.0724266666667,21.35558,23.8503866666667,21.1798266666667,22.2856333333333,21.14644,21.17598,863.5064
274.274305555556,19.05248,28.22244,20.2199466666667,25.9736466666667,21.4672133333333,23.7077866666667,21.18538,22.24968,21.1210266666667,21.2418733333333,863.495733333333
274.277777777778,19.1414066666667,28.2234733333333,20.3215,25.9287666666667,21.4049666666667,23.8428733333333,21.0654133333333,22.40006,21.214,20.9475133333333,863.4816
274.28125,19.29752,28.2135533333333,20.5176133333333,25.87324,21.6689,23.6856933333333,21.2785,22.4181666666667,21.3021333333333,21.10622,863.449866666666
274.284722222222,19.3269466666667,28.0618466666667,20.47644,25.83848,21.59664,23.7608466666667,21.30128,22.3581,21.3726733333333,21.1496333333333,863.438933333333
274.288194444444,19.3624066666667,28.0737733333333,20.47902,25.8855,21.6016,23.6586066666667,21.2945933333333,22.1509733333333,21.56128,20.52606,863.438133333333
274.291666666667,19.2630266666667,28.3726266666667,20.40754,26.14672,21.7224733333333,23.7668,21.4553933333333,22.2835666666667,21.5307133333333,20.8830266666667,863.426399999999
274.295138888889,19.3546533333333,27.97886,20.4928933333333,25.71368,21.6704666666667,23.5352866666667,21.3812866666667,22.1698133333333,21.3926666666667,21.1965733333333,863.4176
274.298611111111,19.80766,26.9071666666667,20.9460466666667,24.7166066666667,21.82088,23.1225066666667,21.45388,21.99868,21.3794133333333,21.2848933333333,863.4098
274.302083333333,20.0364666666667,26.4201466666667,21.1165533333333,24.3628933333333,21.9164333333333,22.92578,21.5077666666667,21.8860666666667,21.5097933333333,21.0959933333333,863.407266666666
274.305555555556,20.0333466666667,26.382,21.0347933333333,24.4581133333333,21.8569266666667,22.9556733333333,21.4768866666667,21.8936333333333,21.5535666666667,20.9425133333333,863.404666666667
274.309027777778,19.7717733333333,26.7032666666667,20.76248,24.8026933333333,21.72766,23.1485933333333,21.3870533333333,22.0659466666667,21.58376,20.90518,863.372733333333
274.3125,19.7612533333333,26.7807733333333,20.7545133333333,24.87376,21.69956,23.2688066666667,21.4094333333333,22.0157733333333,21.5057666666667,20.8823,863.3598
274.315972222222,19.8253666666667,26.78,20.7410866666667,24.9919666666667,21.55504,23.4694066666667,21.2628266666667,22.0278066666667,21.5194466666667,20.59466,863.356933333333
274.319444444444,19.7210266666667,27.07566,20.6419133333333,25.2494733333333,21.4192,23.6986866666667,21.1933533333333,22.16608,21.5467066666667,20.4904,863.380666666667
274.322916666667,19.6403333333333,27.2910133333333,20.6792466666667,25.2636466666667,21.5433933333333,23.5984666666667,21.2245266666667,22.2273133333333,21.4525333333333,20.7658666666667,863.396133333333
274.326388888889,19.7223133333333,27.1866866666667,20.8871866666667,24.9343733333333,21.8350666666667,23.1370733333333,21.4476533333333,21.9041,21.4790866666667,20.68012,863.396933333333
274.329861111111,19.8009666666667,27.0511866666667,20.9658866666667,24.82992,21.97992,22.9471533333333,21.5512133333333,21.74292,21.43536,20.75154,863.440933333334
274.333333333333,19.6908466666667,27.2031,20.8300533333333,25.0235533333333,21.8469266666667,23.1463733333333,21.4496133333333,21.8852933333333,21.4249,20.9602466666667,863.496933333334
274.336805555556,19.5411933333333,27.5587666666667,20.8027533333333,25.1351933333333,21.7421333333333,23.3674933333333,21.3689,22.16728,21.35048,21.34548,863.536666666667
274.340277777778,19.6507,27.3094266666667,20.9195666666667,24.9454933333333,21.7284666666667,23.4691066666667,21.47382,22.2031733333333,21.3032866666667,21.4555066666667,863.562933333333
274.34375,19.32386,27.98182,20.4100933333333,25.9281266666667,21.5504266666667,23.8503866666667,21.53886,22.0968733333333,21.4116066666667,21.3037266666667,863.573466666667
274.347222222222,18.6740266666667,29.1439133333333,19.80236,26.9575666666667,21.2741866666667,24.2474466666667,21.3048533333333,22.4201466666667,21.4607866666667,21.1936266666667,863.577466666667
274.350694444444,18.1278866666667,30.05312,19.2381733333333,27.81128,20.8114066666667,24.9844333333333,21.2319866666667,22.4586733333333,21.41772,21.1080866666667,863.585466666667
274.354166666667,18.35548,29.5731333333333,19.3457533333333,27.5162533333333,20.4652866666667,25.3918133333333,21.4924133333333,22.0961066666667,21.5077733333333,20.95478,863.596733333333
274.357638888889,18.6799533333333,28.9478666666667,19.69728,26.8562733333333,20.77628,24.8123066666667,21.2181133333333,22.44354,21.5925666666667,20.8559666666667,863.582133333334
274.361111111111,19.12144,28.21996,20.2028666666667,26.0741933333333,21.0781666666667,24.3960266666667,21.0596666666667,22.66942,21.51814,20.9174066666667,863.537666666667
274.364583333333,19.2167066666667,28.07762,20.2655133333333,25.9982933333333,21.2264933333333,24.1743,21.13714,22.54606,21.3287933333333,21.1908133333333,863.502333333333
274.368055555556,19.07658,28.3266266666667,20.1419266666667,26.2375666666667,21.2449066666667,24.1731866666667,21.1643733333333,22.4995133333333,21.2683466666667,21.2326533333333,863.504266666667
274.371527777778,18.9344,28.6317,20.03884,26.44274,21.3907333333333,24.04564,21.30334,22.3547466666667,21.3457533333333,21.13668,863.4704
274.375,19.0532933333333,28.35596,20.1573866666667,26.1791533333333,21.1979466666667,24.2916333333333,21.035,22.7603866666667,21.4880933333333,20.9872066666667,863.447733333333
274.378472222222,18.9545333333333,28.52474,20.1321066666667,26.22752,21.2371066666667,24.2402,20.9835866666667,22.8597933333333,21.6420333333333,20.8569533333333,863.442999999999
274.381944444444,18.6697733333333,28.9322666666667,19.8561,26.66934,21.1427133333333,24.3967666666667,21.04612,22.7310133333333,21.4290933333333,21.0802,863.442933333333
274.385416666667,18.4508,29.2583066666667,19.6576866666667,26.8861533333333,20.9833866666667,24.5729666666667,20.9531666666667,22.88234,21.2390533333333,21.35834,863.455466666666
274.388888888889,18.3216666666667,29.53366,19.5142866666667,27.1594066666667,20.8943133333333,24.74092,20.7989066666667,23.1840266666667,21.0836066666667,21.7469666666667,863.465066666666
274.392361111111,18.51046,29.2622933333333,19.69234,26.92214,20.8222333333333,24.9108866666667,20.7736066666667,23.20388,20.9879733333333,21.7531466666667,863.458133333333
274.395833333333,18.6936866666667,29.0170933333333,19.7942133333333,26.8489866666667,20.8400533333333,24.9060533333333,20.8492733333333,23.0256133333333,20.97682,21.6339066666667,863.445066666666
274.399305555556,18.5993866666667,29.24148,19.6746866666667,27.0677066666667,20.8633533333333,24.85564,20.9546866666667,22.8613533333333,21.0000466666667,21.6574133333333,863.4588
274.402777777778,18.73112,28.9214866666667,19.9072466666667,26.5984666666667,21.02774,24.5147933333333,20.83162,22.9995266666667,20.9425133333333,21.7798466666667,863.465933333333
274.40625,18.5153266666667,29.3943933333333,19.5621466666667,27.3072733333333,21.0450533333333,24.6336533333333,20.9082533333333,22.9628933333333,20.9398133333333,21.7205866666667,863.456466666667
274.409722222222,18.4237,29.49066,19.43988,27.3672733333333,20.7104,25.05762,20.83742,23.1080266666667,21.0486533333333,21.6791066666667,863.504933333333
274.413194444444,18.8369266666667,28.7127266666667,19.9574666666667,26.4356,21.0260133333333,24.40752,20.84344,22.94928,21.0022666666667,21.6835333333333,863.511333333333
274.416666666667,19.1476333333333,28.1069866666667,20.2699733333333,25.91356,21.3942266666667,23.8980133333333,21.09256,22.67692,21.0654133333333,21.6932933333333,863.497466666666
274.420138888889,19.1220533333333,28.2193933333333,20.2192,26.0475866666667,21.49044,23.83604,21.1992066666667,22.6336,21.1072666666667,21.7474533333333,863.511066666666
274.423611111111,19.2499,27.99612,20.33046,25.90382,21.3625333333333,24.11484,21.1491533333333,22.7491066666667,21.1082466666667,21.77928,863.5506
274.427083333333,19.11062,28.3475,20.16642,26.2467,21.2023666666667,24.3605266666667,21.1075,22.82068,21.0284733333333,21.92036,863.592666666667
274.430555555556,19.1023066666667,28.5912066666667,20.2198533333333,26.4032933333333,21.0323666666667,24.83714,20.9255466666667,23.1521133333333,21.1548933333333,21.8007133333333,863.6012
274.434027777778,18.96662,28.7079133333333,19.9291933333333,26.7652666666667,20.73344,25.2071266666667,20.79648,23.3334933333333,21.0470866666667,21.9335733333333,863.550533333333
274.4375,19.0523,28.50378,20.0348533333333,26.5699133333333,20.7986266666667,25.0338933333333,20.74992,23.3109666666667,21.00646,21.91052,863.541466666666
274.440972222222,19.00538,28.6369466666667,20.2290866666667,26.3034866666667,21.1827666666667,24.5064266666667,21.0075333333333,22.9245133333333,21.1399866666667,21.71876,863.565466666667
274.444444444444,19.3655533333333,28.0607133333333,20.59398,25.6747066666667,21.1402,24.5345933333333,20.8653133333333,23.1942666666667,20.9299733333333,22.0532466666667,863.5484
274.447916666667,19.57594,27.6330466666667,20.9426933333333,25.1386933333333,21.31562,24.2510333333333,20.9399933333333,22.96822,21.0323666666667,21.7454066666667,863.571733333333
274.451388888889,20.0486333333333,26.8133333333333,21.4958933333333,24.2022066666667,21.9594466666667,23.19636,21.7660266666667,21.75244,21.8492466666667,20.45818,863.5548
274.454861111111,20.47064,26.1887133333333,21.6214,24.07528,22.0719666666667,23.1051333333333,21.7808533333333,21.7911,21.9006266666667,20.48162,863.576533333333
274.458333333333,20.7909133333333,25.7694333333333,21.86666,23.7303266666667,22.31984,22.7720666666667,21.97796,21.55782,21.9063933333333,20.5231733333333,863.6008
274.461805555556,21.15778,25.2108333333333,22.1820133333333,23.3130133333333,22.5694133333333,22.4747666666667,22.1005733333333,21.4097,21.8956533333333,20.58282,863.631666666666
274.465277777778,21.1609533333333,25.2114,21.9121466666667,23.6640866666667,22.2469066666667,22.9793066666667,21.7436866666667,22.0041066666667,21.5144,21.2191133333333,863.689733333333
274.46875,20.4106333333333,26.4832466666667,21.03858,25.0773933333333,21.3612333333333,24.3177533333333,21.0246933333333,23.0483133333333,21.0507266666667,21.8963533333333,863.719533333334
274.472222222222,20.2040466666667,26.6342666666667,21.13442,24.8190733333333,21.5051133333333,23.97758,21.1293733333333,22.7603266666667,20.97462,21.9149733333333,863.695533333333
274.475694444444,19.8707733333333,27.2189266666667,20.68366,25.5386933333333,21.01454,24.7881466666667,20.7579866666667,23.45158,20.7887933333333,22.30866,863.680933333333
274.479166666667,19.3789133333333,28.0315533333333,20.4127933333333,26.0867466666667,20.6682066666667,25.3517133333333,20.2492933333333,24.1282666666667,20.22972,23.15192,863.6652
274.482638888889,18.87988,28.81338,19.9774533333333,26.62118,20.3065133333333,25.8572266666667,20.0010733333333,24.5392066666667,19.8177866666667,23.7835866666667,863.6532
274.486111111111,18.11978,29.9571866666667,19.45324,27.5500866666667,19.9309466666667,26.5567466666667,19.5705333333333,25.11794,19.2963333333333,24.5272933333333,863.683533333333
274.489583333333,16.9354066666667,32.04376,19.2350333333333,27.8508733333333,19.9627266666667,26.4647666666667,19.61802,25.01592,19.3447066666667,24.4041,863.730666666666
274.493055555556,16.2597933333333,33.3286,18.1645533333333,29.5662333333333,19.9836533333333,26.3088466666667,19.7828733333333,24.6776066666667,19.4766333333333,24.1362,863.735733333333
274.496527777778,16.5205933333333,32.81478,18.3794066666667,29.11552,19.7486133333333,26.70072,19.6009866666667,24.93794,19.41072,24.2284,863.725666666666
274.5,16.50278,32.85352,18.6080133333333,28.7566866666667,19.97056,26.32072,19.6498466666667,24.9053533333333,19.3108666666667,24.4079,863.711333333333
274.503472222222,16.8027466666667,32.3669733333333,18.7514,28.5802133333333,20.27574,25.8881533333333,19.81028,24.6419733333333,19.4022866666667,24.2579266666667,863.6724
274.506944444444,17.1904,31.6317933333333,19.1028933333333,28.09084,20.1031133333333,26.22234,19.6581866666667,24.9204666666667,19.3473333333333,24.38902,863.6552
274.510416666667,16.9296933333333,32.10374,19.1758133333333,27.9363666666667,19.7740266666667,26.7828533333333,19.33886,25.4447066666667,19.1843133333333,24.6781133333333,863.614133333334
274.513888888889,16.5770066666667,32.8241733333333,18.47096,29.0819666666667,19.1804,27.77828,18.91374,26.2305866666667,18.98382,25.14428,863.654266666667
274.517361111111,16.1788133333333,33.6512733333333,17.51196,30.8417933333333,17.86212,29.93114,17.7260533333333,28.2114466666667,18.1936666666667,26.56736,863.7428
274.520833333333,16.4129066666667,33.8109466666667,17.7786533333333,30.9287066666667,18.1309666666667,30.01138,17.9480733333333,28.2982,18.3186066666667,26.8446666666667,863.795333333334
274.524305555556,17.2173133333333,32.0807733333333,18.1660466666667,29.76988,18.6884666666667,28.6813666666667,18.6477133333333,26.9497466666667,18.7189533333333,25.96604,863.896933333333
274.527777777778,16.0902666666667,32.98104,16.5682933333333,31.8417133333333,16.9749733333333,30.89102,16.92316,29.4374933333333,17.1595733333333,28.3802333333333,863.9708
274.53125,15.3257,35.8891533333333,16.4186866666667,33.29398,17.0392066666667,31.7695066666667,17.0931933333333,29.8736666666667,17.3893666666667,28.5835466666667,863.992866666666
274.534722222222,17.0600533333333,33.7823133333333,18.41668,30.7544733333333,18.88118,29.42216,18.7143866666667,27.7961266666667,18.6279333333333,26.90734,863.966933333333
274.538194444444,18.3231666666667,31.1483533333333,19.3206866666667,29.0124133333333,19.6185733333333,28.2099266666667,19.1135933333333,27.0625466666667,18.9051733333333,26.5079133333333,864.065333333333
274.541666666667,17.8920133333333,32.2529666666667,18.5103666666667,30.7591933333333,18.8063533333333,30.0668533333333,18.3287466666667,28.7899866666667,18.2122533333333,28.1214533333333,864.151733333333
274.545138888889,18.1568533333333,32.0351466666667,18.8699733333333,30.3354866666667,19.0304133333333,29.7762666666667,18.4896266666667,28.5417533333333,18.23404,28.0034333333333,864.133866666667
274.548611111111,18.4801066666667,30.8716066666667,19.0995533333333,29.3623466666667,19.2576466666667,28.8475733333333,18.7210333333333,27.6920266666667,18.47396,27.19382,864.314266666667
274.552083333333,17.0778733333333,31.5023933333333,17.1987333333333,30.7608933333333,17.4166066666667,30.3597666666667,17.1758533333333,28.96218,17.1868533333333,28.1478666666667,864.484
274.555555555556,15.7808066666667,34.0977933333333,16.3114333333333,32.8161,16.6724266666667,31.7477266666667,16.3365533333333,30.23038,16.34136,29.5696933333333,864.534266666666
274.559027777778,15.27096,35.5717533333333,16.25444,33.27638,16.7240333333333,31.9759733333333,16.27196,30.6618466666667,16.2386733333333,29.87054,864.602333333333
274.5625,14.91674,36.7997933333333,16.2463733333333,33.47226,16.8647133333333,31.8917133333333,16.3959466666667,30.56876,16.2544466666667,30.00764,864.663666666666
274.565972222222,14.51646,37.83998,15.79624,34.2779666666667,16.6980133333333,32.26224,16.2984933333333,30.7880066666667,16.21344,30.1313666666667,864.732666666667
274.569444444444,14.1372066666667,39.0744733333333,15.3044066666667,35.5197866666667,16.8801333333333,32.0983133333333,16.4909933333333,30.64382,16.3111933333333,30.0905133333333,864.7828
274.572916666667,14.0858133333333,39.6999066666667,15.5514666666667,35.2511,17.2918466666667,31.40662,16.7935866666667,30.2061933333333,16.6132266666667,29.6856866666667,864.81
274.576388888889,14.5107333333333,38.99496,15.4941133333333,35.5942066666667,16.89042,32.4472933333333,16.5955666666667,30.5935133333333,16.9191333333333,29.18566,864.8228
274.579861111111,15.12238,37.6642333333333,15.9474533333333,34.8834266666667,17.1564466666667,31.9194666666667,16.80016,30.2109666666667,16.9259933333333,29.0729,864.869866666667
274.583333333333,15.8236466666667,36.1075466666667,16.5838266666667,33.8324333333333,17.4628666666667,31.57048,17.04064,29.73962,16.9870733333333,28.9469733333333,864.927199999999
274.586805555556,16.40476,34.91198,16.9783466666667,33.4758866666667,17.4522333333333,31.9717466666667,17.11196,29.6723533333333,17.15986,28.6505266666667,864.972533333333
274.590277777778,16.9179533333333,34.0286533333333,17.3054066666667,32.90534,17.66286,31.4901,17.2351866666667,29.58264,17.37972,28.2765733333333,864.977066666666
274.59375,17.5845533333333,32.8862666666667,17.9128333333333,31.8935866666667,18.0494333333333,30.9978,17.5619533333333,29.0172266666667,17.6402733333333,27.8782666666667,864.983333333333
274.597222222222,18.2985533333333,31.5237133333333,18.54146,30.7205133333333,18.57298,30.10806,18.07884,28.1299933333333,18.24116,26.9536733333333,864.964466666667
274.600694444444,19.2668533333333,29.6353666666667,19.4722666666667,29.1308266666667,19.3894866666667,28.51382,18.6100466666667,27.50224,18.6963066666667,26.36022,864.986533333334
274.604166666667,20.0333933333333,28.44196,19.6795866666667,28.2276666666667,19.5020533333333,28.1454133333333,19.0827533333333,27.1215933333333,18.9914466666667,26.1777933333333,865.026333333334
274.607638888889,20.15236,28.3572733333333,19.5651733333333,28.5626066666667,19.2448266666667,28.6714333333333,18.6789533333333,27.77856,18.35302,27.2173866666667,865.0736
274.611111111111,20.6022866666667,27.6151,20.1525466666667,27.80582,19.7052466666667,27.9700133333333,18.8659,27.2126933333333,18.4758733333333,26.77392,865.083866666667
274.614583333333,21.1977533333333,26.32734,20.87012,26.4812133333333,20.3899466666667,26.73634,19.4917666666667,25.93348,18.85256,25.9577666666667,865.146466666667
274.618055555556,21.51552,25.92102,21.0429533333333,25.9175466666667,20.61834,26.30968,20.1448333333333,25.3257533333333,19.50894,25.2195533333333,865.142266666667
274.621527777778,21.63796,25.9782,21.0445866666667,26.2491666666667,20.6495933333333,26.5882533333333,20.0659666666667,25.7622133333333,19.4816133333333,25.6223266666667,865.226933333333
274.625,21.50508,26.6756866666667,20.5011866666667,27.4841666666667,20.15792,27.8587533333333,19.5844466666667,27.0486933333333,19.05716,26.81406,865.302466666667
274.628472222222,21.41604,26.7942666666667,20.3971866666667,27.7121733333333,20.1072466666667,27.8794466666667,19.55596,26.9807333333333,19.0114333333333,26.8710466666667,865.378133333334
274.631944444444,21.6340066666667,26.3441866666667,20.5825666666667,27.3418333333333,20.1744266666667,27.7071533333333,19.62088,26.82554,19.0762066666667,26.67186,865.468866666666
274.635416666667,22.04472,25.8946533333333,20.8129866666667,27.03458,20.4529333333333,27.3944466666667,19.9355333333333,26.4964866666667,19.3266133333333,26.3893466666667,865.5362
274.638888888889,22.1926666666667,25.67882,20.90496,26.8606733333333,20.4460133333333,27.3619,19.88306,26.6089733333333,19.27268,26.5234133333333,865.608133333334
274.642361111111,22.3616266666667,25.3975533333333,21.0782666666667,26.6070266666667,20.5271333333333,27.2094533333333,19.8810733333333,26.5503066666667,19.36076,26.2940466666667,865.668333333333
274.645833333333,22.4849666666667,25.1803533333333,21.1724733333333,26.49888,20.60582,27.09234,19.90664,26.4808666666667,19.2278066666667,26.5106533333333,865.700266666667
274.649305555556,22.7879533333333,24.63308,21.4275533333333,26.0464066666667,20.8727666666667,26.72014,20.0843733333333,26.2548333333333,19.38366,26.3178933333333,865.7444
274.652777777778,22.65036,25.0873466666667,21.2071066666667,26.46214,20.7412866666667,26.9429666666667,19.9437666666667,26.53306,19.3023866666667,26.5345933333333,865.777
274.65625,22.7608466666667,24.7066466666667,21.44144,26.00794,20.81904,26.63588,20.0065733333333,26.19688,19.47952,26.0321533333333,865.759733333333
274.659722222222,22.7906133333333,24.2437266666667,21.4015533333333,25.6882266666667,21.0127,25.9503333333333,20.2906133333333,25.46458,19.8591533333333,25.0669866666667,865.748466666667
274.663194444444,23.2521866666667,23.2456133333333,21.8389,24.61796,21.4486333333333,24.9467866666667,20.7219333333333,24.4763733333333,20.43678,23.8200333333333,865.760533333334
274.666666666667,23.6371866666667,22.8504,21.9955,24.4467466666667,21.6361133333333,24.8118266666667,20.8432533333333,24.4231533333333,20.3578266666667,24.07474,865.807733333333
274.670138888889,23.5267266666667,23.2923466666667,21.8370666666667,25.0834266666667,21.3245133333333,25.6439933333333,20.4155133333333,25.3224,19.9116533333333,24.9994266666667,865.8568
274.673611111111,23.31264,23.86856,21.7251733333333,25.4560666666667,21.1618733333333,26.07228,20.36092,25.6128666666667,19.8002466666667,25.4231866666667,865.897733333334
274.677083333333,23.3467066666667,23.95592,22.0200066666667,25.3774133333333,21.49076,25.8519733333333,20.59112,25.3390333333333,19.8125466666667,25.53282,865.9286
274.680555555556,23.4707266666667,23.60922,22.11116,25.0931933333333,21.6126333333333,25.5738266666667,20.8049933333333,24.9833066666667,20.1415733333333,25.0671333333333,865.980066666667
274.684027777778,23.4599466666667,24.1096266666667,21.83592,25.7570933333333,21.27592,26.3698733333333,20.5615666666667,25.7340266666667,19.93864,25.6651333333333,866.048133333334
274.6875,23.5906866666667,24.2607866666667,22.01836,25.8460733333333,21.3552533333333,26.6170866666667,20.5651933333333,26.0710533333333,19.9235666666667,26.0338,866.088066666667
274.690972222222,23.7443,23.9661266666667,22.10484,25.6280666666667,21.4626866666667,26.4442533333333,20.55652,26.0844066666667,19.9069133333333,26.0666733333333,866.1504
274.694444444444,23.9422,23.48308,22.3574133333333,25.1508466666667,21.7229866666667,25.87178,20.7862466666667,25.5193133333333,20.0358866666667,25.6307,866.1982
274.697916666667,23.7956333333333,23.56166,22.1408733333333,25.1566666666667,21.5920533333333,25.9049266666667,20.8243,25.4034666666667,20.2436933333333,25.24284,866.200533333333
274.701388888889,24.02324,23.85898,22.4384533333333,25.4030133333333,21.85576,26.0449266666667,21.07868,25.50812,20.5734333333333,25.2688866666667,866.196
274.704861111111,24.45176,23.64152,22.8061266666667,25.26112,22.0697466666667,26.1381266666667,21.1037,25.79836,20.5624466666667,25.5934533333333,866.186333333333
274.708333333333,24.6893933333333,23.2584533333333,22.8288333333333,24.9103533333333,22.0492066666667,25.9525266666667,21.1178133333333,25.68446,20.5476133333333,25.4975466666667,866.196466666667
274.711805555556,24.54666,23.2652266666667,22.88926,24.79094,22.0854533333333,25.87942,21.1520066666667,25.5254533333333,20.6304933333333,25.2734733333333,866.1544
274.715277777778,24.6184666666667,23.31614,23.0342266666667,24.7769666666667,22.2930866666667,25.76824,21.3957066666667,25.41068,20.7239733333333,25.36034,866.1304
274.71875,24.9572933333333,23.0091266666667,23.1908866666667,24.5984866666667,22.4540733333333,25.62208,21.5624133333333,25.2124266666667,20.7896666666667,25.2977866666667,866.183666666667
274.722222222222,24.94726,23.0433266666667,23.2124133333333,24.7054866666667,22.52892,25.6040066666667,21.6476933333333,25.1859533333333,20.98866,25.10872,866.213866666667
274.725694444444,24.8865,23.1510666666667,23.20188,24.7213066666667,22.4873666666667,25.6537266666667,21.6151666666667,25.2608666666667,20.9680333333333,25.16748,866.218
274.729166666667,25.21266,22.8584466666667,23.13214,24.9123333333333,22.4068933333333,25.8545133333333,21.5064466666667,25.43046,20.8537666666667,25.3531133333333,866.222666666667
274.732638888889,25.3009066666667,22.3743333333333,23.41068,24.3218866666667,22.8587,25.0566133333333,22.01622,24.5880133333333,21.33124,24.5367466666667,866.242666666666
274.736111111111,25.4989733333333,22.1948333333333,24.2126533333333,23.4363466666667,23.8680933333333,23.7311533333333,22.9546333333333,23.1227533333333,22.2935933333333,23.0188,866.250466666667
274.739583333333,25.9583733333333,21.96126,24.1609266666667,23.4535333333333,23.44422,24.4114666666667,22.8033666666667,23.7527333333333,21.9971133333333,23.7987133333333,866.231333333333
274.743055555556,25.9297266666667,22.0553133333333,24.0076,23.8036266666667,23.02066,25.0846733333333,22.1437666666667,24.6441466666667,21.53514,24.4805533333333,866.216266666667
274.746527777778,26.0877066666667,21.6870333333333,24.0343466666667,23.6240066666667,23.05046,24.9062333333333,22.2112866666667,24.4297466666667,21.6368533333333,24.2261533333333,866.202933333333
274.75,26.4346333333333,21.09196,24.60906,22.7822666666667,23.8633866666667,23.7356666666667,23.0737933333333,23.14222,22.3629933333333,23.065,866.165733333333
274.753472222222,26.90112,20.6884066666667,25.1016333333333,22.1141933333333,24.45346,22.9773933333333,23.6720933333333,22.4091933333333,22.8401733333333,22.4396933333333,866.098866666667
274.756944444444,26.9502866666667,20.7141133333333,24.8533733333333,22.44496,24.0741533333333,23.4880066666667,23.25094,22.98878,22.5380266666667,22.8622666666667,866.021933333333
274.760416666667,26.6523733333333,21.0598333333333,24.98204,22.3474066666667,24.2945866666667,23.21456,23.4106733333333,22.7630266666667,22.7416066666667,22.5883466666667,865.989066666667
274.763888888889,26.9939466666667,20.5964466666667,25.18408,22.0180933333333,24.19916,23.2639733333333,23.3388866666667,22.8172866666667,22.68264,22.6474333333333,865.9632
274.767361111111,27.1663466666667,20.2108533333333,25.2064933333333,21.7910466666667,24.3829066666667,22.87872,23.59826,22.3011733333333,22.9683,22.07346,865.9308
274.770833333333,27.3382533333333,20.02212,25.4513,21.6505666666667,24.5972666666667,22.71564,23.8375333333333,22.0753466666667,23.1493933333333,21.8994333333333,865.883666666667
274.774305555556,27.9254933333333,19.5765866666667,25.9452,21.1239,24.9629333333333,22.3345466666667,23.9635733333333,21.9846933333333,23.2034866666667,21.8994466666667,865.8544
274.777777777778,27.87464,19.4348266666667,25.6932666666667,21.2282866666667,24.78516,22.3495666666667,23.8024733333333,21.98384,23.1979266666667,21.6862333333333,865.8514
274.78125,27.8959533333333,19.3118266666667,25.96376,20.8386266666667,25.13376,21.8784933333333,24.1504133333333,21.51014,23.5531666666667,21.1842533333333,865.865466666667
274.784722222222,27.8677933333333,19.4774666666667,25.9494,21.0195933333333,25.0396866666667,22.1344266666667,24.1319733333333,21.6738,23.5412,21.37026,865.887266666667
274.788194444444,27.99792,19.1777733333333,26.02792,20.7441333333333,25.2294866666667,21.79026,24.2424866666667,21.4284066666667,23.5564666666667,21.24518,865.952
274.791666666667,28.1074533333333,19.1994933333333,26.03506,20.9227466666667,25.20316,21.9452533333333,24.2416,21.56174,23.53388,21.3963266666667,865.955666666667
274.795138888889,28.4549133333333,18.6238266666667,26.47544,20.1976066666667,25.6296133333333,21.2354666666667,24.4375866666667,21.0824666666667,23.6418733333333,21.0044066666667,865.9324
274.798611111111,28.3213066666667,18.7689266666667,26.4591733333333,20.1356,25.75994,21.0442466666667,24.73512,20.72712,23.9702066666667,20.59082,865.9088
274.802083333333,28.2103066666667,18.7784266666667,26.4270133333333,20.06774,25.63696,21.0113466666667,24.64678,20.6625133333333,23.95024,20.45242,865.882133333333
274.805555555556,28.7532266666667,17.95878,26.8148,19.42298,25.9008933333333,20.51694,24.8243066666667,20.2070333333333,24.07744,20.01238,865.910733333333
274.809027777778,28.7245733333333,17.05416,26.7556733333333,18.4779466666667,25.9821133333333,19.4110533333333,24.95514,19.09346,24.1545133333333,18.93876,865.849866666666
274.8125,28.6836533333333,16.9794866666667,26.9734466666667,18.2541933333333,26.1898333333333,19.1834066666667,25.08104,18.7965133333333,24.2158333333333,18.6279066666667,865.8148
274.815972222222,28.76356,16.6558933333333,27.05508,17.95396,26.16994,19.0728066666667,25.0622666666667,18.6878866666667,24.0869,18.6870333333333,865.805333333333
274.819444444444,28.7252133333333,16.2151466666667,27.0924533333333,17.2269266666667,26.2262666666667,18.61528,24.8937533333333,18.4416933333333,23.8551133333333,18.5775866666667,865.741866666667
274.822916666667,28.7510266666667,15.25764,27.15582,15.98052,26.2671266666667,17.28718,24.8701066666667,17.16074,23.8132133333333,17.29068,865.727266666667
274.826388888889,28.7199333333333,15.1274933333333,27.17486,15.83154,26.27568,17.11976,24.86668,17.0437333333333,23.8995733333333,17.0585933333333,865.652
274.829861111111,28.6090466666667,15.3608133333333,27.09116,16.0484733333333,26.1904066666667,17.4269333333333,24.75196,17.3648866666667,23.8559466666667,17.2485733333333,865.584266666667
274.833333333333,28.6827666666667,15.2340666666667,27.2128466666667,15.89192,26.2441,17.30198,24.8739533333333,17.15084,24.00048,16.96288,865.518933333333
274.836805555556,28.7526466666667,15.4488866666667,27.271,16.1350466666667,26.3965933333333,17.5845066666667,25.0159866666667,17.48474,24.0581533333333,17.4493933333333,865.468733333333
274.840277777778,28.6392866666667,15.4572666666667,27.12366,16.15364,26.3142333333333,17.5581,24.9363933333333,17.4448266666667,23.9211066666667,17.47256,865.4696
274.84375,28.8891533333333,15.6499266666667,27.3353333333333,16.36088,26.3880333333333,17.99108,25.00236,17.8517333333333,24.0701666666667,17.6819266666667,865.435066666667
274.847222222222,28.7122266666667,16.2517533333333,27.21276,17.0250066666667,26.3183733333333,18.6595466666667,24.9380533333333,18.5855666666667,23.9529,18.5890133333333,865.406
274.850694444444,28.7516,15.9829666666667,27.2837133333333,16.6716666666667,26.5026466666667,18.2499933333333,25.09218,18.19958,24.0641466666667,18.2803866666667,865.3796
274.854166666667,28.70048,16.41874,27.2071866666667,17.34354,26.40688,18.6711466666667,25.0361333333333,18.5525933333333,24.0968266666667,18.53162,865.3102
274.857638888889,29.0409333333333,15.80152,27.5257466666667,16.45904,26.7173133333333,18.0480533333333,25.36982,17.9340333333333,24.3845466666667,17.9484,865.298333333333
274.861111111111,28.96698,15.80888,27.4191466666667,16.4230266666667,26.6104866666667,17.99066,25.5225666666667,17.6659666666667,24.7042133333333,17.4688066666667,865.268533333334
274.864583333333,29.0401533333333,15.4826,27.4991333333333,16.12628,26.74406,17.4977866666667,25.60642,17.19844,24.7226133333333,17.04376,865.2908
274.868055555556,28.92862,15.66664,27.3077666666667,16.33232,26.6162666666667,17.7582333333333,25.6889666666667,17.2849466666667,24.7142866666667,17.22422,865.2496
274.871527777778,28.7528133333333,15.4222666666667,27.3284533333333,16.0177666666667,26.5789266666667,17.2922533333333,25.4340066666667,16.9545266666667,24.5825066666667,16.7579266666667,865.2372
274.875,28.74788,15.4877266666667,27.2850666666667,16.14906,26.5042933333333,17.5082933333333,25.2350133333333,17.2735666666667,24.32516,17.1405266666667,865.253733333333
274.878472222222,28.6308333333333,15.4521933333333,27.14728,16.07416,26.3904666666667,17.3986,25.2862933333333,17.0865533333333,24.4091666666667,16.93488,865.167866666667
274.881944444444,28.5690466666667,15.6195733333333,27.13592,16.1848666666667,26.4604066666667,17.5278266666667,25.38674,17.2255866666667,24.5755933333333,16.99176,865.1526
274.885416666667,28.7771733333333,15.4891,27.4112666666667,16.02808,26.62708,17.3502466666667,25.46326,17.0744933333333,24.5924,16.9107333333333,865.123466666667
274.888888888889,28.85178,15.54044,27.6041733333333,16.0518933333333,26.87578,17.3353,25.70662,17.04342,24.7884666666667,16.9526133333333,865.101
274.892361111111,29.2249866666667,15.3870933333333,27.80334,15.9631466666667,27.2167533333333,17.0589466666667,26.2146333333333,16.5554866666667,25.3389466666667,16.3422,865.077066666667
274.895833333333,29.2579733333333,15.3338066666667,27.80188,15.94432,27.2054666666667,17.0342133333333,26.0982266666667,16.6847133333333,25.04492,16.6723133333333,865.065266666667
274.899305555556,29.4467266666667,15.0450533333333,27.88502,15.6586466666667,27.15844,16.73294,26.1014266666667,16.3260333333333,25.12548,16.2665466666667,865.040466666667
274.902777777778,29.2019866666667,15.1026133333333,27.6374266666667,15.6922933333333,26.8700066666667,16.8300666666667,25.83792,16.4062,24.9660533333333,16.2023933333333,865.0176
274.90625,28.9923933333333,14.8141,27.5675866666667,15.3321266666667,26.8244066666667,16.0923266666667,25.7537666666667,15.5369666666667,24.9298866666667,15.2368733333333,864.980533333333
274.909722222222,29.0713133333333,14.31144,27.76078,14.7769333333333,27.0453666666667,15.41666,25.8786333333333,14.8387466666667,25.00324,14.4197933333333,864.9812
274.913194444444,29.1193133333333,14.2250866666667,27.77536,14.6897066666667,27.13648,15.3006133333333,26.0242933333333,14.7281066666667,25.0490466666667,14.3657333333333,864.966533333333
274.916666666667,28.9484266666667,14.2860533333333,27.7202066666667,14.6910333333333,27.0654333333333,15.2980133333333,26.0206666666667,14.6814666666667,25.2293733333333,14.2156533333333,864.9504
274.920138888889,28.96564,14.16512,27.77696,14.5392066666667,27.1861333333333,15.11544,26.0687933333333,14.5389,25.1635,14.1357933333333,864.897866666667
274.923611111111,28.8969733333333,14.2241466666667,27.7691,14.56492,27.13708,15.1533733333333,26.0944066666667,14.5280666666667,25.1664533333333,14.12688,864.878133333333
274.927083333333,29.0840866666667,14.09882,27.8853533333333,14.46214,27.2713066666667,15.06106,26.2301533333333,14.44494,25.2262733333333,14.0793866666667,864.821066666667
274.930555555556,28.9620066666667,14.1302466666667,27.8290933333333,14.4891133333333,27.22254,15.0698533333333,26.0726666666667,14.4901733333333,25.1940333333333,14.06838,864.7718
274.934027777778,28.4867266666667,14.36664,27.46058,14.6718933333333,26.9445,15.18002,25.9022933333333,14.5399266666667,25.1450466666667,14.03402,864.711666666667
274.9375,28.6087733333333,14.0466333333333,27.5803266666667,14.3242466666667,27.0229266666667,14.8695133333333,25.9427266666667,14.2634733333333,25.05082,13.8321266666667,864.6748
274.940972222222,28.4784,13.8936133333333,27.47796,14.1372666666667,26.9216533333333,14.6819933333333,25.9355733333333,14.0544866666667,25.0318733333333,13.6202066666667,864.616666666667
274.944444444444,28.4033133333333,13.9386266666667,27.3862866666667,14.1925666666667,26.9313333333333,14.6757266666667,25.9948,14.0233866666667,25.1380533333333,13.5452,864.592133333333
274.947916666667,28.3228866666667,14.03762,27.3750133333333,14.2564866666667,26.85282,14.75696,25.9060133333333,14.0893933333333,25.0508866666667,13.6077666666667,864.5964
274.951388888889,28.5148,13.6862,27.5121266666667,13.9411266666667,26.92632,14.48628,25.9669133333333,13.8233266666667,25.1180066666667,13.3275333333333,864.5708
274.954861111111,28.5741333333333,13.5540933333333,27.5800933333333,13.8022066666667,27.0046133333333,14.3151533333333,26.01766,13.6571066666667,25.2057466666667,13.1311866666667,864.543733333334
274.958333333333,28.53478,13.19808,27.5475666666667,13.4317666666667,27.0488333333333,13.9259266666667,26.0439666666667,13.29074,25.1966666666667,12.77498,864.533
274.961805555556,28.3558866666667,13.0946466666667,27.4085533333333,13.28676,26.9763733333333,13.7212066666667,26.0795466666667,13.03414,25.2660066666667,12.4810866666667,864.451333333334
274.965277777778,28.2570666666667,12.8389666666667,27.3983866666667,12.98094,26.96056,13.41896,26.0795733333333,12.7140266666667,25.25522,12.1452733333333,864.4324
274.96875,28.2176133333333,12.6851066666667,27.4126666666667,12.81128,26.9317466666667,13.25778,25.9597866666667,12.5936666666667,25.1869,12.0009533333333,864.4136
274.972222222222,28.35866,12.8641266666667,27.5367,12.9895466666667,27.0645,13.4601933333333,26.1372866666667,12.8001466666667,25.2467533333333,12.2949333333333,864.391933333334
274.975694444444,28.22944,13.1621333333333,27.4723066666667,13.28234,27.0627666666667,13.7288066666667,26.12218,13.0669733333333,25.2910933333333,12.5507466666667,864.3312
274.979166666667,27.9984733333333,13.53054,27.29892,13.5900933333333,27.01622,13.9662,26.2676533333333,13.2346133333333,25.5186733333333,12.6492066666667,864.2412
274.982638888889,27.7512933333333,13.6608466666667,27.20168,13.6249333333333,26.8815266666667,14.0129733333333,26.1397933333333,13.26352,25.3870333333333,12.67698,864.192933333333
274.986111111111,27.8211466666667,13.54844,27.3057,13.4709066666667,27.0108533333333,13.8497866666667,26.31126,13.0944733333333,25.5242466666667,12.5174466666667,864.168799999999
274.989583333333,27.85906,13.42368,27.35564,13.3819533333333,27.04352,13.7679266666667,26.2678133333333,13.0278666666667,25.4432666666667,12.4775533333333,864.2024
274.993055555556,27.5426733333333,13.5634866666667,27.1922733333333,13.4413866666667,26.8843533333333,13.80602,26.1006666666667,13.0629733333333,25.3269133333333,12.4851533333333,864.215466666667
274.996527777778,27.2041866666667,13.5866466666667,26.9768,13.36634,26.7435933333333,13.68846,25.9984066666667,12.9440666666667,25.2323466666667,12.3561066666667,864.204866666667
